date,positive_cases,total_cases,avg_age,pct_female,month,day_of_week,week_of_year,month_sin,month_cos,dow_sin,dow_cos,positivity_rate
2024-12-27,7,8,34.875,0.75,12,4,52,-2.4492935982947064e-16,1.0,-0.433883739117558,-0.9009688679024191,0.875
2024-12-28,10,21,36.57142857142857,0.3333333333333333,12,5,52,-2.4492935982947064e-16,1.0,-0.9749279121818236,-0.2225209339563146,0.47619047619047616
2024-12-29,12,26,42.61538461538461,0.5,12,6,52,-2.4492935982947064e-16,1.0,-0.7818314824680299,0.6234898018587334,0.46153846153846156
2024-12-30,29,58,41.206896551724135,0.4827586206896552,12,0,1,-2.4492935982947064e-16,1.0,0.0,1.0,0.5
2024-12-31,29,54,35.22222222222222,0.4074074074074074,12,1,1,-2.4492935982947064e-16,1.0,0.7818314824680298,0.6234898018587336,0.5370370370370371
2025-01-01,26,52,36.69230769230769,0.5576923076923077,1,2,1,0.49999999999999994,0.8660254037844387,0.9749279121818236,-0.22252093395631434,0.5
2025-01-02,28,57,41.175438596491226,0.5263157894736842,1,3,1,0.49999999999999994,0.8660254037844387,0.43388373911755823,-0.900968867902419,0.49122807017543857
2025-01-03,29,60,38.583333333333336,0.5,1,4,1,0.49999999999999994,0.8660254037844387,-0.433883739117558,-0.9009688679024191,0.48333333333333334
2025-01-04,21,49,31.959183673469386,0.5102040816326531,1,5,1,0.49999999999999994,0.8660254037844387,-0.9749279121818236,-0.2225209339563146,0.42857142857142855
2025-01-05,30,49,36.265306122448976,0.5102040816326531,1,6,1,0.49999999999999994,0.8660254037844387,-0.7818314824680299,0.6234898018587334,0.6122448979591837
2025-01-06,28,57,40.85964912280702,0.5087719298245614,1,0,2,0.49999999999999994,0.8660254037844387,0.0,1.0,0.49122807017543857
2025-01-07,30,50,33.02,0.48,1,1,2,0.49999999999999994,0.8660254037844387,0.7818314824680298,0.6234898018587336,0.6
2025-01-08,33,51,38.92156862745098,0.43137254901960786,1,2,2,0.49999999999999994,0.8660254037844387,0.9749279121818236,-0.22252093395631434,0.6470588235294118
2025-01-09,26,60,34.35,0.6,1,3,2,0.49999999999999994,0.8660254037844387,0.43388373911755823,-0.900968867902419,0.43333333333333335
2025-01-10,29,65,37.53846153846154,0.5230769230769231,1,4,2,0.49999999999999994,0.8660254037844387,-0.433883739117558,-0.9009688679024191,0.4461538461538462
2025-01-11,35,63,40.34920634920635,0.5555555555555556,1,5,2,0.49999999999999994,0.8660254037844387,-0.9749279121818236,-0.2225209339563146,0.5555555555555556
2025-01-12,27,57,36.26315789473684,0.5263157894736842,1,6,2,0.49999999999999994,0.8660254037844387,-0.7818314824680299,0.6234898018587334,0.47368421052631576
2025-01-13,29,54,40.24074074074074,0.48148148148148145,1,0,3,0.49999999999999994,0.8660254037844387,0.0,1.0,0.5370370370370371
2025-01-14,27,57,36.56140350877193,0.5614035087719298,1,1,3,0.49999999999999994,0.8660254037844387,0.7818314824680298,0.6234898018587336,0.47368421052631576
2025-01-15,26,48,40.083333333333336,0.5416666666666666,1,2,3,0.49999999999999994,0.8660254037844387,0.9749279121818236,-0.22252093395631434,0.5416666666666666
2025-01-16,30,58,37.724137931034484,0.5344827586206896,1,3,3,0.49999999999999994,0.8660254037844387,0.43388373911755823,-0.900968867902419,0.5172413793103449
2025-01-17,37,67,39.97014925373134,0.5970149253731343,1,4,3,0.49999999999999994,0.8660254037844387,-0.433883739117558,-0.9009688679024191,0.5522388059701493
2025-01-18,18,48,35.729166666666664,0.4166666666666667,1,5,3,0.49999999999999994,0.8660254037844387,-0.9749279121818236,-0.2225209339563146,0.375
2025-01-19,24,49,38.0,0.42857142857142855,1,6,3,0.49999999999999994,0.8660254037844387,-0.7818314824680299,0.6234898018587334,0.4897959183673469
2025-01-20,34,61,38.24590163934426,0.4262295081967213,1,0,4,0.49999999999999994,0.8660254037844387,0.0,1.0,0.5573770491803278
2025-01-21,30,51,40.11764705882353,0.47058823529411764,1,1,4,0.49999999999999994,0.8660254037844387,0.7818314824680298,0.6234898018587336,0.5882352941176471
2025-01-22,35,71,37.014084507042256,0.4647887323943662,1,2,4,0.49999999999999994,0.8660254037844387,0.9749279121818236,-0.22252093395631434,0.49295774647887325
2025-01-23,28,51,36.96078431372549,0.4117647058823529,1,3,4,0.49999999999999994,0.8660254037844387,0.43388373911755823,-0.900968867902419,0.5490196078431373
2025-01-24,28,53,33.735849056603776,0.37735849056603776,1,4,4,0.49999999999999994,0.8660254037844387,-0.433883739117558,-0.9009688679024191,0.5283018867924528
2025-01-25,33,60,37.2,0.4666666666666667,1,5,4,0.49999999999999994,0.8660254037844387,-0.9749279121818236,-0.2225209339563146,0.55
2025-01-26,23,47,30.93617021276596,0.44680851063829785,1,6,4,0.49999999999999994,0.8660254037844387,-0.7818314824680299,0.6234898018587334,0.48936170212765956
2025-01-27,44,78,38.23076923076923,0.5897435897435898,1,0,5,0.49999999999999994,0.8660254037844387,0.0,1.0,0.5641025641025641
2025-01-28,26,45,40.2,0.4666666666666667,1,1,5,0.49999999999999994,0.8660254037844387,0.7818314824680298,0.6234898018587336,0.5777777777777777
2025-01-29,33,66,34.75757575757576,0.48484848484848486,1,2,5,0.49999999999999994,0.8660254037844387,0.9749279121818236,-0.22252093395631434,0.5
2025-01-30,19,46,41.630434782608695,0.4782608695652174,1,3,5,0.49999999999999994,0.8660254037844387,0.43388373911755823,-0.900968867902419,0.41304347826086957
2025-01-31,33,66,34.36363636363637,0.4393939393939394,1,4,5,0.49999999999999994,0.8660254037844387,-0.433883739117558,-0.9009688679024191,0.5
2025-02-01,22,49,39.16326530612245,0.5510204081632653,2,5,5,0.8660254037844386,0.5000000000000001,-0.9749279121818236,-0.2225209339563146,0.4489795918367347
2025-02-02,32,58,35.827586206896555,0.6379310344827587,2,6,5,0.8660254037844386,0.5000000000000001,-0.7818314824680299,0.6234898018587334,0.5517241379310345
2025-02-03,26,39,39.69230769230769,0.48717948717948717,2,0,6,0.8660254037844386,0.5000000000000001,0.0,1.0,0.6666666666666666
2025-02-04,28,52,38.94230769230769,0.36538461538461536,2,1,6,0.8660254037844386,0.5000000000000001,0.7818314824680298,0.6234898018587336,0.5384615384615384
2025-02-05,19,42,38.95238095238095,0.2857142857142857,2,2,6,0.8660254037844386,0.5000000000000001,0.9749279121818236,-0.22252093395631434,0.4523809523809524
2025-02-06,29,65,41.353846153846156,0.46153846153846156,2,3,6,0.8660254037844386,0.5000000000000001,0.43388373911755823,-0.900968867902419,0.4461538461538462
2025-02-07,24,52,39.05769230769231,0.5961538461538461,2,4,6,0.8660254037844386,0.5000000000000001,-0.433883739117558,-0.9009688679024191,0.46153846153846156
2025-02-08,26,39,32.56410256410256,0.48717948717948717,2,5,6,0.8660254037844386,0.5000000000000001,-0.9749279121818236,-0.2225209339563146,0.6666666666666666
2025-02-09,32,53,39.528301886792455,0.4716981132075472,2,6,6,0.8660254037844386,0.5000000000000001,-0.7818314824680299,0.6234898018587334,0.6037735849056604
2025-02-10,21,52,32.59615384615385,0.6153846153846154,2,0,7,0.8660254037844386,0.5000000000000001,0.0,1.0,0.40384615384615385
2025-02-11,26,63,39.904761904761905,0.47619047619047616,2,1,7,0.8660254037844386,0.5000000000000001,0.7818314824680298,0.6234898018587336,0.4126984126984127
2025-02-12,28,50,36.28,0.46,2,2,7,0.8660254037844386,0.5000000000000001,0.9749279121818236,-0.22252093395631434,0.56
2025-02-13,31,61,30.557377049180328,0.45901639344262296,2,3,7,0.8660254037844386,0.5000000000000001,0.43388373911755823,-0.900968867902419,0.5081967213114754
2025-02-14,30,55,34.56363636363636,0.4727272727272727,2,4,7,0.8660254037844386,0.5000000000000001,-0.433883739117558,-0.9009688679024191,0.5454545454545454
2025-02-15,30,63,39.17460317460318,0.4126984126984127,2,5,7,0.8660254037844386,0.5000000000000001,-0.9749279121818236,-0.2225209339563146,0.47619047619047616
2025-02-16,24,48,39.0,0.625,2,6,7,0.8660254037844386,0.5000000000000001,-0.7818314824680299,0.6234898018587334,0.5
2025-02-17,23,49,39.95918367346939,0.5714285714285714,2,0,8,0.8660254037844386,0.5000000000000001,0.0,1.0,0.46938775510204084
2025-02-18,23,46,41.19565217391305,0.5217391304347826,2,1,8,0.8660254037844386,0.5000000000000001,0.7818314824680298,0.6234898018587336,0.5
2025-02-19,30,63,33.82539682539682,0.4126984126984127,2,2,8,0.8660254037844386,0.5000000000000001,0.9749279121818236,-0.22252093395631434,0.47619047619047616
2025-02-20,29,59,44.847457627118644,0.559322033898305,2,3,8,0.8660254037844386,0.5000000000000001,0.43388373911755823,-0.900968867902419,0.4915254237288136
2025-02-21,33,66,41.63636363636363,0.6060606060606061,2,4,8,0.8660254037844386,0.5000000000000001,-0.433883739117558,-0.9009688679024191,0.5
2025-02-22,20,43,35.18604651162791,0.4186046511627907,2,5,8,0.8660254037844386,0.5000000000000001,-0.9749279121818236,-0.2225209339563146,0.46511627906976744
2025-02-23,28,54,40.05555555555556,0.42592592592592593,2,6,8,0.8660254037844386,0.5000000000000001,-0.7818314824680299,0.6234898018587334,0.5185185185185185
2025-02-24,32,57,40.8421052631579,0.5614035087719298,2,0,9,0.8660254037844386,0.5000000000000001,0.0,1.0,0.5614035087719298
2025-02-25,15,43,37.69767441860465,0.6046511627906976,2,1,9,0.8660254037844386,0.5000000000000001,0.7818314824680298,0.6234898018587336,0.3488372093023256
2025-02-26,26,58,36.189655172413794,0.41379310344827586,2,2,9,0.8660254037844386,0.5000000000000001,0.9749279121818236,-0.22252093395631434,0.4482758620689655
2025-02-27,37,67,34.17910447761194,0.417910447761194,2,3,9,0.8660254037844386,0.5000000000000001,0.43388373911755823,-0.900968867902419,0.5522388059701493
2025-02-28,21,40,35.725,0.65,2,4,9,0.8660254037844386,0.5000000000000001,-0.433883739117558,-0.9009688679024191,0.525
2025-03-01,20,54,37.592592592592595,0.4074074074074074,3,5,9,1.0,6.123233995736766e-17,-0.9749279121818236,-0.2225209339563146,0.37037037037037035
2025-03-02,24,59,36.067796610169495,0.4745762711864407,3,6,9,1.0,6.123233995736766e-17,-0.7818314824680299,0.6234898018587334,0.4067796610169492
2025-03-03,28,53,34.528301886792455,0.5471698113207547,3,0,10,1.0,6.123233995736766e-17,0.0,1.0,0.5283018867924528
2025-03-04,26,48,45.0625,0.3958333333333333,3,1,10,1.0,6.123233995736766e-17,0.7818314824680298,0.6234898018587336,0.5416666666666666
2025-03-05,31,55,32.18181818181818,0.509090909090909,3,2,10,1.0,6.123233995736766e-17,0.9749279121818236,-0.22252093395631434,0.5636363636363636
2025-03-06,28,72,37.15277777777778,0.4444444444444444,3,3,10,1.0,6.123233995736766e-17,0.43388373911755823,-0.900968867902419,0.3888888888888889
2025-03-07,22,56,33.839285714285715,0.3392857142857143,3,4,10,1.0,6.123233995736766e-17,-0.433883739117558,-0.9009688679024191,0.39285714285714285
2025-03-08,39,70,39.614285714285714,0.5142857142857142,3,5,10,1.0,6.123233995736766e-17,-0.9749279121818236,-0.2225209339563146,0.5571428571428572
2025-03-09,19,49,32.53061224489796,0.5510204081632653,3,6,10,1.0,6.123233995736766e-17,-0.7818314824680299,0.6234898018587334,0.3877551020408163
2025-03-10,23,51,38.666666666666664,0.43137254901960786,3,0,11,1.0,6.123233995736766e-17,0.0,1.0,0.45098039215686275
2025-03-11,22,44,43.52272727272727,0.45454545454545453,3,1,11,1.0,6.123233995736766e-17,0.7818314824680298,0.6234898018587336,0.5
2025-03-12,33,64,32.96875,0.484375,3,2,11,1.0,6.123233995736766e-17,0.9749279121818236,-0.22252093395631434,0.515625
2025-03-13,25,56,37.07142857142857,0.5178571428571429,3,3,11,1.0,6.123233995736766e-17,0.43388373911755823,-0.900968867902419,0.44642857142857145
2025-03-14,33,54,37.851851851851855,0.4074074074074074,3,4,11,1.0,6.123233995736766e-17,-0.433883739117558,-0.9009688679024191,0.6111111111111112
2025-03-15,21,50,40.32,0.46,3,5,11,1.0,6.123233995736766e-17,-0.9749279121818236,-0.2225209339563146,0.42
2025-03-16,24,58,37.13793103448276,0.5172413793103449,3,6,11,1.0,6.123233995736766e-17,-0.7818314824680299,0.6234898018587334,0.41379310344827586
2025-03-17,29,62,40.516129032258064,0.46774193548387094,3,0,12,1.0,6.123233995736766e-17,0.0,1.0,0.46774193548387094
2025-03-18,34,56,37.035714285714285,0.39285714285714285,3,1,12,1.0,6.123233995736766e-17,0.7818314824680298,0.6234898018587336,0.6071428571428571
2025-03-19,12,42,40.095238095238095,0.4523809523809524,3,2,12,1.0,6.123233995736766e-17,0.9749279121818236,-0.22252093395631434,0.2857142857142857
2025-03-20,32,69,41.289855072463766,0.4927536231884058,3,3,12,1.0,6.123233995736766e-17,0.43388373911755823,-0.900968867902419,0.463768115942029
2025-03-21,24,44,36.79545454545455,0.45454545454545453,3,4,12,1.0,6.123233995736766e-17,-0.433883739117558,-0.9009688679024191,0.5454545454545454
2025-03-22,30,59,37.389830508474574,0.3559322033898305,3,5,12,1.0,6.123233995736766e-17,-0.9749279121818236,-0.2225209339563146,0.5084745762711864
2025-03-23,24,43,36.83720930232558,0.4186046511627907,3,6,12,1.0,6.123233995736766e-17,-0.7818314824680299,0.6234898018587334,0.5581395348837209
2025-03-24,25,51,34.21568627450981,0.47058823529411764,3,0,13,1.0,6.123233995736766e-17,0.0,1.0,0.49019607843137253
2025-03-25,29,61,35.721311475409834,0.5081967213114754,3,1,13,1.0,6.123233995736766e-17,0.7818314824680298,0.6234898018587336,0.47540983606557374
2025-03-26,26,52,40.69230769230769,0.5,3,2,13,1.0,6.123233995736766e-17,0.9749279121818236,-0.22252093395631434,0.5
2025-03-27,30,53,40.094339622641506,0.5283018867924528,3,3,13,1.0,6.123233995736766e-17,0.43388373911755823,-0.900968867902419,0.5660377358490566
2025-03-28,27,54,37.03703703703704,0.5555555555555556,3,4,13,1.0,6.123233995736766e-17,-0.433883739117558,-0.9009688679024191,0.5
2025-03-29,29,49,38.59183673469388,0.42857142857142855,3,5,13,1.0,6.123233995736766e-17,-0.9749279121818236,-0.2225209339563146,0.5918367346938775
2025-03-30,29,50,36.98,0.52,3,6,13,1.0,6.123233995736766e-17,-0.7818314824680299,0.6234898018587334,0.58
2025-03-31,27,61,34.63934426229508,0.5737704918032787,3,0,14,1.0,6.123233995736766e-17,0.0,1.0,0.4426229508196721
2025-04-01,36,67,36.53731343283582,0.5373134328358209,4,1,14,0.8660254037844387,-0.4999999999999998,0.7818314824680298,0.6234898018587336,0.5373134328358209
2025-04-02,24,48,46.416666666666664,0.5416666666666666,4,2,14,0.8660254037844387,-0.4999999999999998,0.9749279121818236,-0.22252093395631434,0.5
2025-04-03,27,52,33.53846153846154,0.38461538461538464,4,3,14,0.8660254037844387,-0.4999999999999998,0.43388373911755823,-0.900968867902419,0.5192307692307693
2025-04-04,33,60,34.13333333333333,0.4666666666666667,4,4,14,0.8660254037844387,-0.4999999999999998,-0.433883739117558,-0.9009688679024191,0.55
2025-04-05,30,46,35.06521739130435,0.4782608695652174,4,5,14,0.8660254037844387,-0.4999999999999998,-0.9749279121818236,-0.2225209339563146,0.6521739130434783
2025-04-06,24,58,38.5,0.4827586206896552,4,6,14,0.8660254037844387,-0.4999999999999998,-0.7818314824680299,0.6234898018587334,0.41379310344827586
2025-04-07,30,58,39.775862068965516,0.4827586206896552,4,0,15,0.8660254037844387,-0.4999999999999998,0.0,1.0,0.5172413793103449
2025-04-08,29,53,40.81132075471698,0.5849056603773585,4,1,15,0.8660254037844387,-0.4999999999999998,0.7818314824680298,0.6234898018587336,0.5471698113207547
2025-04-09,27,49,35.775510204081634,0.4897959183673469,4,2,15,0.8660254037844387,-0.4999999999999998,0.9749279121818236,-0.22252093395631434,0.5510204081632653
2025-04-10,24,49,37.95918367346939,0.4897959183673469,4,3,15,0.8660254037844387,-0.4999999999999998,0.43388373911755823,-0.900968867902419,0.4897959183673469
2025-04-11,22,53,36.886792452830186,0.49056603773584906,4,4,15,0.8660254037844387,-0.4999999999999998,-0.433883739117558,-0.9009688679024191,0.41509433962264153
2025-04-12,35,63,33.698412698412696,0.5238095238095238,4,5,15,0.8660254037844387,-0.4999999999999998,-0.9749279121818236,-0.2225209339563146,0.5555555555555556
2025-04-13,22,47,37.48936170212766,0.425531914893617,4,6,15,0.8660254037844387,-0.4999999999999998,-0.7818314824680299,0.6234898018587334,0.46808510638297873
2025-04-14,26,49,41.224489795918366,0.5510204081632653,4,0,16,0.8660254037844387,-0.4999999999999998,0.0,1.0,0.5306122448979592
2025-04-15,43,72,40.34722222222222,0.4722222222222222,4,1,16,0.8660254037844387,-0.4999999999999998,0.7818314824680298,0.6234898018587336,0.5972222222222222
2025-04-16,26,60,37.71666666666667,0.4,4,2,16,0.8660254037844387,-0.4999999999999998,0.9749279121818236,-0.22252093395631434,0.43333333333333335
2025-04-17,30,65,34.84615384615385,0.46153846153846156,4,3,16,0.8660254037844387,-0.4999999999999998,0.43388373911755823,-0.900968867902419,0.46153846153846156
2025-04-18,31,59,37.11864406779661,0.5254237288135594,4,4,16,0.8660254037844387,-0.4999999999999998,-0.433883739117558,-0.9009688679024191,0.5254237288135594
2025-04-19,30,58,36.327586206896555,0.5344827586206896,4,5,16,0.8660254037844387,-0.4999999999999998,-0.9749279121818236,-0.2225209339563146,0.5172413793103449
2025-04-20,30,56,39.589285714285715,0.5,4,6,16,0.8660254037844387,-0.4999999999999998,-0.7818314824680299,0.6234898018587334,0.5357142857142857
2025-04-21,27,64,39.90625,0.59375,4,0,17,0.8660254037844387,-0.4999999999999998,0.0,1.0,0.421875
2025-04-22,35,62,34.596774193548384,0.5,4,1,17,0.8660254037844387,-0.4999999999999998,0.7818314824680298,0.6234898018587336,0.5645161290322581
2025-04-23,27,59,36.30508474576271,0.4576271186440678,4,2,17,0.8660254037844387,-0.4999999999999998,0.9749279121818236,-0.22252093395631434,0.4576271186440678
2025-04-24,30,46,36.391304347826086,0.391304347826087,4,3,17,0.8660254037844387,-0.4999999999999998,0.43388373911755823,-0.900968867902419,0.6521739130434783
2025-04-25,26,58,39.62068965517241,0.5,4,4,17,0.8660254037844387,-0.4999999999999998,-0.433883739117558,-0.9009688679024191,0.4482758620689655
2025-04-26,29,52,36.38461538461539,0.5384615384615384,4,5,17,0.8660254037844387,-0.4999999999999998,-0.9749279121818236,-0.2225209339563146,0.5576923076923077
2025-04-27,34,68,34.19117647058823,0.5,4,6,17,0.8660254037844387,-0.4999999999999998,-0.7818314824680299,0.6234898018587334,0.5
2025-04-28,22,48,43.9375,0.5208333333333334,4,0,18,0.8660254037844387,-0.4999999999999998,0.0,1.0,0.4583333333333333
2025-04-29,28,55,33.96363636363636,0.5272727272727272,4,1,18,0.8660254037844387,-0.4999999999999998,0.7818314824680298,0.6234898018587336,0.509090909090909
2025-04-30,31,65,38.09230769230769,0.5692307692307692,4,2,18,0.8660254037844387,-0.4999999999999998,0.9749279121818236,-0.22252093395631434,0.47692307692307695
2025-05-01,33,61,39.114754098360656,0.4918032786885246,5,3,18,0.49999999999999994,-0.8660254037844387,0.43388373911755823,-0.900968867902419,0.5409836065573771
2025-05-02,30,56,36.5,0.42857142857142855,5,4,18,0.49999999999999994,-0.8660254037844387,-0.433883739117558,-0.9009688679024191,0.5357142857142857
2025-05-03,37,53,36.056603773584904,0.6226415094339622,5,5,18,0.49999999999999994,-0.8660254037844387,-0.9749279121818236,-0.2225209339563146,0.6981132075471698
2025-05-04,32,64,35.8125,0.453125,5,6,18,0.49999999999999994,-0.8660254037844387,-0.7818314824680299,0.6234898018587334,0.5
2025-05-05,24,53,38.41509433962264,0.4528301886792453,5,0,19,0.49999999999999994,-0.8660254037844387,0.0,1.0,0.4528301886792453
2025-05-06,31,62,40.79032258064516,0.45161290322580644,5,1,19,0.49999999999999994,-0.8660254037844387,0.7818314824680298,0.6234898018587336,0.5
2025-05-07,21,41,39.19512195121951,0.5609756097560976,5,2,19,0.49999999999999994,-0.8660254037844387,0.9749279121818236,-0.22252093395631434,0.5121951219512195
2025-05-08,22,44,31.454545454545453,0.5681818181818182,5,3,19,0.49999999999999994,-0.8660254037844387,0.43388373911755823,-0.900968867902419,0.5
2025-05-09,27,55,35.50909090909091,0.5636363636363636,5,4,19,0.49999999999999994,-0.8660254037844387,-0.433883739117558,-0.9009688679024191,0.4909090909090909
2025-05-10,21,52,35.57692307692308,0.75,5,5,19,0.49999999999999994,-0.8660254037844387,-0.9749279121818236,-0.2225209339563146,0.40384615384615385
2025-05-11,32,52,40.69230769230769,0.46153846153846156,5,6,19,0.49999999999999994,-0.8660254037844387,-0.7818314824680299,0.6234898018587334,0.6153846153846154
2025-05-12,24,50,34.18,0.5,5,0,20,0.49999999999999994,-0.8660254037844387,0.0,1.0,0.48
2025-05-13,28,61,35.885245901639344,0.47540983606557374,5,1,20,0.49999999999999994,-0.8660254037844387,0.7818314824680298,0.6234898018587336,0.45901639344262296
2025-05-14,20,51,36.23529411764706,0.5490196078431373,5,2,20,0.49999999999999994,-0.8660254037844387,0.9749279121818236,-0.22252093395631434,0.39215686274509803
2025-05-15,32,59,38.13559322033898,0.4576271186440678,5,3,20,0.49999999999999994,-0.8660254037844387,0.43388373911755823,-0.900968867902419,0.5423728813559322
2025-05-16,21,48,39.708333333333336,0.5625,5,4,20,0.49999999999999994,-0.8660254037844387,-0.433883739117558,-0.9009688679024191,0.4375
2025-05-17,22,57,37.29824561403509,0.5789473684210527,5,5,20,0.49999999999999994,-0.8660254037844387,-0.9749279121818236,-0.2225209339563146,0.38596491228070173
2025-05-18,33,68,36.838235294117645,0.5441176470588235,5,6,20,0.49999999999999994,-0.8660254037844387,-0.7818314824680299,0.6234898018587334,0.4852941176470588
2025-05-19,28,58,38.793103448275865,0.46551724137931033,5,0,21,0.49999999999999994,-0.8660254037844387,0.0,1.0,0.4827586206896552
2025-05-20,28,61,36.16393442622951,0.47540983606557374,5,1,21,0.49999999999999994,-0.8660254037844387,0.7818314824680298,0.6234898018587336,0.45901639344262296
2025-05-21,17,47,40.319148936170215,0.48936170212765956,5,2,21,0.49999999999999994,-0.8660254037844387,0.9749279121818236,-0.22252093395631434,0.3617021276595745
2025-05-22,25,47,41.48936170212766,0.3829787234042553,5,3,21,0.49999999999999994,-0.8660254037844387,0.43388373911755823,-0.900968867902419,0.5319148936170213
2025-05-23,23,56,42.94642857142857,0.375,5,4,21,0.49999999999999994,-0.8660254037844387,-0.433883739117558,-0.9009688679024191,0.4107142857142857
2025-05-24,27,55,41.56363636363636,0.4909090909090909,5,5,21,0.49999999999999994,-0.8660254037844387,-0.9749279121818236,-0.2225209339563146,0.4909090909090909
2025-05-25,26,53,41.301886792452834,0.5283018867924528,5,6,21,0.49999999999999994,-0.8660254037844387,-0.7818314824680299,0.6234898018587334,0.49056603773584906
2025-05-26,26,55,41.127272727272725,0.5272727272727272,5,0,22,0.49999999999999994,-0.8660254037844387,0.0,1.0,0.4727272727272727
2025-05-27,33,67,35.223880597014926,0.5074626865671642,5,1,22,0.49999999999999994,-0.8660254037844387,0.7818314824680298,0.6234898018587336,0.4925373134328358
2025-05-28,31,61,33.21311475409836,0.5901639344262295,5,2,22,0.49999999999999994,-0.8660254037844387,0.9749279121818236,-0.22252093395631434,0.5081967213114754
2025-05-29,22,47,37.93617021276596,0.48936170212765956,5,3,22,0.49999999999999994,-0.8660254037844387,0.43388373911755823,-0.900968867902419,0.46808510638297873
2025-05-30,27,52,39.36538461538461,0.5384615384615384,5,4,22,0.49999999999999994,-0.8660254037844387,-0.433883739117558,-0.9009688679024191,0.5192307692307693
2025-05-31,24,52,37.53846153846154,0.4807692307692308,5,5,22,0.49999999999999994,-0.8660254037844387,-0.9749279121818236,-0.2225209339563146,0.46153846153846156
2025-06-01,23,51,33.72549019607843,0.37254901960784315,6,6,22,1.2246467991473532e-16,-1.0,-0.7818314824680299,0.6234898018587334,0.45098039215686275
2025-06-02,31,61,39.442622950819676,0.6229508196721312,6,0,23,1.2246467991473532e-16,-1.0,0.0,1.0,0.5081967213114754
2025-06-03,28,65,37.23076923076923,0.4461538461538462,6,1,23,1.2246467991473532e-16,-1.0,0.7818314824680298,0.6234898018587336,0.4307692307692308
2025-06-04,33,58,33.89655172413793,0.5,6,2,23,1.2246467991473532e-16,-1.0,0.9749279121818236,-0.22252093395631434,0.5689655172413793
2025-06-05,30,54,44.648148148148145,0.5,6,3,23,1.2246467991473532e-16,-1.0,0.43388373911755823,-0.900968867902419,0.5555555555555556
2025-06-06,28,52,33.5,0.46153846153846156,6,4,23,1.2246467991473532e-16,-1.0,-0.433883739117558,-0.9009688679024191,0.5384615384615384
2025-06-07,23,45,38.93333333333333,0.5111111111111111,6,5,23,1.2246467991473532e-16,-1.0,-0.9749279121818236,-0.2225209339563146,0.5111111111111111
2025-06-08,34,61,40.16393442622951,0.4098360655737705,6,6,23,1.2246467991473532e-16,-1.0,-0.7818314824680299,0.6234898018587334,0.5573770491803278
2025-06-09,18,59,42.11864406779661,0.5254237288135594,6,0,24,1.2246467991473532e-16,-1.0,0.0,1.0,0.3050847457627119
2025-06-10,29,62,37.29032258064516,0.45161290322580644,6,1,24,1.2246467991473532e-16,-1.0,0.7818314824680298,0.6234898018587336,0.46774193548387094
2025-06-11,31,49,40.89795918367347,0.3877551020408163,6,2,24,1.2246467991473532e-16,-1.0,0.9749279121818236,-0.22252093395631434,0.6326530612244898
2025-06-12,21,54,32.68518518518518,0.6296296296296297,6,3,24,1.2246467991473532e-16,-1.0,0.43388373911755823,-0.900968867902419,0.3888888888888889
2025-06-13,44,74,36.770270270270274,0.5405405405405406,6,4,24,1.2246467991473532e-16,-1.0,-0.433883739117558,-0.9009688679024191,0.5945945945945946
2025-06-14,29,58,39.758620689655174,0.5,6,5,24,1.2246467991473532e-16,-1.0,-0.9749279121818236,-0.2225209339563146,0.5
2025-06-15,23,50,37.88,0.5,6,6,24,1.2246467991473532e-16,-1.0,-0.7818314824680299,0.6234898018587334,0.46
2025-06-16,31,56,31.375,0.5357142857142857,6,0,25,1.2246467991473532e-16,-1.0,0.0,1.0,0.5535714285714286
2025-06-17,21,57,37.19298245614035,0.49122807017543857,6,1,25,1.2246467991473532e-16,-1.0,0.7818314824680298,0.6234898018587336,0.3684210526315789
2025-06-18,24,52,37.59615384615385,0.4807692307692308,6,2,25,1.2246467991473532e-16,-1.0,0.9749279121818236,-0.22252093395631434,0.46153846153846156
2025-06-19,36,68,37.94117647058823,0.4852941176470588,6,3,25,1.2246467991473532e-16,-1.0,0.43388373911755823,-0.900968867902419,0.5294117647058824
2025-06-20,29,53,37.056603773584904,0.4339622641509434,6,4,25,1.2246467991473532e-16,-1.0,-0.433883739117558,-0.9009688679024191,0.5471698113207547
2025-06-21,23,56,41.17857142857143,0.5892857142857143,6,5,25,1.2246467991473532e-16,-1.0,-0.9749279121818236,-0.2225209339563146,0.4107142857142857
2025-06-22,22,48,38.666666666666664,0.4375,6,6,25,1.2246467991473532e-16,-1.0,-0.7818314824680299,0.6234898018587334,0.4583333333333333
2025-06-23,38,69,38.82608695652174,0.5217391304347826,6,0,26,1.2246467991473532e-16,-1.0,0.0,1.0,0.5507246376811594
2025-06-24,30,60,36.81666666666667,0.4666666666666667,6,1,26,1.2246467991473532e-16,-1.0,0.7818314824680298,0.6234898018587336,0.5
2025-06-25,21,53,40.54716981132076,0.6037735849056604,6,2,26,1.2246467991473532e-16,-1.0,0.9749279121818236,-0.22252093395631434,0.39622641509433965
2025-06-26,32,54,34.166666666666664,0.6111111111111112,6,3,26,1.2246467991473532e-16,-1.0,0.43388373911755823,-0.900968867902419,0.5925925925925926
2025-06-27,32,56,37.69642857142857,0.39285714285714285,6,4,26,1.2246467991473532e-16,-1.0,-0.433883739117558,-0.9009688679024191,0.5714285714285714
2025-06-28,28,55,41.29090909090909,0.45454545454545453,6,5,26,1.2246467991473532e-16,-1.0,-0.9749279121818236,-0.2225209339563146,0.509090909090909
2025-06-29,29,52,40.11538461538461,0.38461538461538464,6,6,26,1.2246467991473532e-16,-1.0,-0.7818314824680299,0.6234898018587334,0.5576923076923077
2025-06-30,26,49,35.40816326530612,0.5918367346938775,6,0,27,1.2246467991473532e-16,-1.0,0.0,1.0,0.5306122448979592
2025-07-01,19,47,37.38297872340426,0.5106382978723404,7,1,27,-0.4999999999999997,-0.8660254037844388,0.7818314824680298,0.6234898018587336,0.40425531914893614
2025-07-02,29,55,40.30909090909091,0.38181818181818183,7,2,27,-0.4999999999999997,-0.8660254037844388,0.9749279121818236,-0.22252093395631434,0.5272727272727272
2025-07-03,23,61,36.459016393442624,0.5245901639344263,7,3,27,-0.4999999999999997,-0.8660254037844388,0.43388373911755823,-0.900968867902419,0.3770491803278688
2025-07-04,31,53,44.83018867924528,0.5094339622641509,7,4,27,-0.4999999999999997,-0.8660254037844388,-0.433883739117558,-0.9009688679024191,0.5849056603773585
2025-07-05,33,59,40.76271186440678,0.3050847457627119,7,5,27,-0.4999999999999997,-0.8660254037844388,-0.9749279121818236,-0.2225209339563146,0.559322033898305
2025-07-06,28,48,38.958333333333336,0.3958333333333333,7,6,27,-0.4999999999999997,-0.8660254037844388,-0.7818314824680299,0.6234898018587334,0.5833333333333334
2025-07-07,37,66,33.121212121212125,0.5606060606060606,7,0,28,-0.4999999999999997,-0.8660254037844388,0.0,1.0,0.5606060606060606
2025-07-08,32,55,34.09090909090909,0.6181818181818182,7,1,28,-0.4999999999999997,-0.8660254037844388,0.7818314824680298,0.6234898018587336,0.5818181818181818
2025-07-09,25,46,31.97826086956522,0.391304347826087,7,2,28,-0.4999999999999997,-0.8660254037844388,0.9749279121818236,-0.22252093395631434,0.5434782608695652
2025-07-10,29,56,39.32142857142857,0.5357142857142857,7,3,28,-0.4999999999999997,-0.8660254037844388,0.43388373911755823,-0.900968867902419,0.5178571428571429
2025-07-11,22,44,35.72727272727273,0.5,7,4,28,-0.4999999999999997,-0.8660254037844388,-0.433883739117558,-0.9009688679024191,0.5
2025-07-12,26,52,39.55769230769231,0.5769230769230769,7,5,28,-0.4999999999999997,-0.8660254037844388,-0.9749279121818236,-0.2225209339563146,0.5
2025-07-13,34,69,37.85507246376812,0.4782608695652174,7,6,28,-0.4999999999999997,-0.8660254037844388,-0.7818314824680299,0.6234898018587334,0.4927536231884058
2025-07-14,28,56,33.375,0.39285714285714285,7,0,29,-0.4999999999999997,-0.8660254037844388,0.0,1.0,0.5
2025-07-15,25,49,34.795918367346935,0.6122448979591837,7,1,29,-0.4999999999999997,-0.8660254037844388,0.7818314824680298,0.6234898018587336,0.5102040816326531
2025-07-16,30,67,38.343283582089555,0.3880597014925373,7,2,29,-0.4999999999999997,-0.8660254037844388,0.9749279121818236,-0.22252093395631434,0.44776119402985076
2025-07-17,26,45,35.28888888888889,0.5555555555555556,7,3,29,-0.4999999999999997,-0.8660254037844388,0.43388373911755823,-0.900968867902419,0.5777777777777777
2025-07-18,25,54,38.074074074074076,0.5370370370370371,7,4,29,-0.4999999999999997,-0.8660254037844388,-0.433883739117558,-0.9009688679024191,0.46296296296296297
2025-07-19,27,57,41.63157894736842,0.38596491228070173,7,5,29,-0.4999999999999997,-0.8660254037844388,-0.9749279121818236,-0.2225209339563146,0.47368421052631576
2025-07-20,23,53,41.905660377358494,0.6981132075471698,7,6,29,-0.4999999999999997,-0.8660254037844388,-0.7818314824680299,0.6234898018587334,0.4339622641509434
2025-07-21,31,59,34.66101694915254,0.5254237288135594,7,0,30,-0.4999999999999997,-0.8660254037844388,0.0,1.0,0.5254237288135594
2025-07-22,23,47,39.51063829787234,0.48936170212765956,7,1,30,-0.4999999999999997,-0.8660254037844388,0.7818314824680298,0.6234898018587336,0.48936170212765956
2025-07-23,32,64,37.15625,0.640625,7,2,30,-0.4999999999999997,-0.8660254037844388,0.9749279121818236,-0.22252093395631434,0.5
2025-07-24,29,63,39.55555555555556,0.5555555555555556,7,3,30,-0.4999999999999997,-0.8660254037844388,0.43388373911755823,-0.900968867902419,0.4603174603174603
2025-07-25,25,51,42.294117647058826,0.5686274509803921,7,4,30,-0.4999999999999997,-0.8660254037844388,-0.433883739117558,-0.9009688679024191,0.49019607843137253
2025-07-26,22,40,39.325,0.5,7,5,30,-0.4999999999999997,-0.8660254037844388,-0.9749279121818236,-0.2225209339563146,0.55
2025-07-27,22,49,39.285714285714285,0.3673469387755102,7,6,30,-0.4999999999999997,-0.8660254037844388,-0.7818314824680299,0.6234898018587334,0.4489795918367347
2025-07-28,29,56,41.660714285714285,0.625,7,0,31,-0.4999999999999997,-0.8660254037844388,0.0,1.0,0.5178571428571429
2025-07-29,24,44,34.29545454545455,0.5,7,1,31,-0.4999999999999997,-0.8660254037844388,0.7818314824680298,0.6234898018587336,0.5454545454545454
2025-07-30,38,58,39.724137931034484,0.5,7,2,31,-0.4999999999999997,-0.8660254037844388,0.9749279121818236,-0.22252093395631434,0.6551724137931034
2025-07-31,26,47,29.4468085106383,0.48936170212765956,7,3,31,-0.4999999999999997,-0.8660254037844388,0.43388373911755823,-0.900968867902419,0.5531914893617021
2025-08-01,22,48,41.041666666666664,0.4791666666666667,8,4,31,-0.8660254037844385,-0.5000000000000004,-0.433883739117558,-0.9009688679024191,0.4583333333333333
2025-08-02,34,57,41.85964912280702,0.49122807017543857,8,5,31,-0.8660254037844385,-0.5000000000000004,-0.9749279121818236,-0.2225209339563146,0.5964912280701754
2025-08-03,17,38,31.894736842105264,0.39473684210526316,8,6,31,-0.8660254037844385,-0.5000000000000004,-0.7818314824680299,0.6234898018587334,0.4473684210526316
2025-08-04,32,63,41.6031746031746,0.49206349206349204,8,0,32,-0.8660254037844385,-0.5000000000000004,0.0,1.0,0.5079365079365079
2025-08-05,27,59,40.59322033898305,0.4406779661016949,8,1,32,-0.8660254037844385,-0.5000000000000004,0.7818314824680298,0.6234898018587336,0.4576271186440678
2025-08-06,27,58,37.12068965517241,0.6206896551724138,8,2,32,-0.8660254037844385,-0.5000000000000004,0.9749279121818236,-0.22252093395631434,0.46551724137931033
2025-08-07,24,45,41.17777777777778,0.4444444444444444,8,3,32,-0.8660254037844385,-0.5000000000000004,0.43388373911755823,-0.900968867902419,0.5333333333333333
2025-08-08,26,52,34.28846153846154,0.5961538461538461,8,4,32,-0.8660254037844385,-0.5000000000000004,-0.433883739117558,-0.9009688679024191,0.5
2025-08-09,25,57,38.175438596491226,0.45614035087719296,8,5,32,-0.8660254037844385,-0.5000000000000004,-0.9749279121818236,-0.2225209339563146,0.43859649122807015
2025-08-10,26,46,37.23913043478261,0.43478260869565216,8,6,32,-0.8660254037844385,-0.5000000000000004,-0.7818314824680299,0.6234898018587334,0.5652173913043478
2025-08-11,22,48,35.541666666666664,0.5208333333333334,8,0,33,-0.8660254037844385,-0.5000000000000004,0.0,1.0,0.4583333333333333
2025-08-12,35,64,37.53125,0.46875,8,1,33,-0.8660254037844385,-0.5000000000000004,0.7818314824680298,0.6234898018587336,0.546875
2025-08-13,21,50,41.82,0.48,8,2,33,-0.8660254037844385,-0.5000000000000004,0.9749279121818236,-0.22252093395631434,0.42
2025-08-14,26,52,36.76923076923077,0.5576923076923077,8,3,33,-0.8660254037844385,-0.5000000000000004,0.43388373911755823,-0.900968867902419,0.5
2025-08-15,33,68,40.029411764705884,0.4852941176470588,8,4,33,-0.8660254037844385,-0.5000000000000004,-0.433883739117558,-0.9009688679024191,0.4852941176470588
2025-08-16,23,47,36.46808510638298,0.40425531914893614,8,5,33,-0.8660254037844385,-0.5000000000000004,-0.9749279121818236,-0.2225209339563146,0.48936170212765956
2025-08-17,30,59,38.355932203389834,0.4067796610169492,8,6,33,-0.8660254037844385,-0.5000000000000004,-0.7818314824680299,0.6234898018587334,0.5084745762711864
2025-08-18,13,46,33.91304347826087,0.5217391304347826,8,0,34,-0.8660254037844385,-0.5000000000000004,0.0,1.0,0.2826086956521739
2025-08-19,32,53,37.58490566037736,0.5283018867924528,8,1,34,-0.8660254037844385,-0.5000000000000004,0.7818314824680298,0.6234898018587336,0.6037735849056604
2025-08-20,35,61,34.34426229508197,0.39344262295081966,8,2,34,-0.8660254037844385,-0.5000000000000004,0.9749279121818236,-0.22252093395631434,0.5737704918032787
2025-08-21,27,51,37.23529411764706,0.49019607843137253,8,3,34,-0.8660254037844385,-0.5000000000000004,0.43388373911755823,-0.900968867902419,0.5294117647058824
2025-08-22,38,66,40.84848484848485,0.45454545454545453,8,4,34,-0.8660254037844385,-0.5000000000000004,-0.433883739117558,-0.9009688679024191,0.5757575757575758
2025-08-23,32,62,36.62903225806452,0.532258064516129,8,5,34,-0.8660254037844385,-0.5000000000000004,-0.9749279121818236,-0.2225209339563146,0.5161290322580645
2025-08-24,28,57,35.96491228070175,0.43859649122807015,8,6,34,-0.8660254037844385,-0.5000000000000004,-0.7818314824680299,0.6234898018587334,0.49122807017543857
2025-08-25,22,51,35.372549019607845,0.5686274509803921,8,0,35,-0.8660254037844385,-0.5000000000000004,0.0,1.0,0.43137254901960786
2025-08-26,25,59,38.25423728813559,0.4576271186440678,8,1,35,-0.8660254037844385,-0.5000000000000004,0.7818314824680298,0.6234898018587336,0.423728813559322
2025-08-27,19,47,33.59574468085106,0.48936170212765956,8,2,35,-0.8660254037844385,-0.5000000000000004,0.9749279121818236,-0.22252093395631434,0.40425531914893614
2025-08-28,26,68,39.9264705882353,0.5735294117647058,8,3,35,-0.8660254037844385,-0.5000000000000004,0.43388373911755823,-0.900968867902419,0.38235294117647056
2025-08-29,24,49,41.02040816326531,0.5714285714285714,8,4,35,-0.8660254037844385,-0.5000000000000004,-0.433883739117558,-0.9009688679024191,0.4897959183673469
2025-08-30,28,48,34.0,0.3958333333333333,8,5,35,-0.8660254037844385,-0.5000000000000004,-0.9749279121818236,-0.2225209339563146,0.5833333333333334
2025-08-31,27,49,37.16326530612245,0.46938775510204084,8,6,35,-0.8660254037844385,-0.5000000000000004,-0.7818314824680299,0.6234898018587334,0.5510204081632653
2025-09-01,29,53,37.41509433962264,0.41509433962264153,9,0,36,-1.0,-1.8369701987210297e-16,0.0,1.0,0.5471698113207547
2025-09-02,29,58,37.275862068965516,0.5862068965517241,9,1,36,-1.0,-1.8369701987210297e-16,0.7818314824680298,0.6234898018587336,0.5
2025-09-03,38,66,32.196969696969695,0.5303030303030303,9,2,36,-1.0,-1.8369701987210297e-16,0.9749279121818236,-0.22252093395631434,0.5757575757575758
2025-09-04,25,65,42.13846153846154,0.6,9,3,36,-1.0,-1.8369701987210297e-16,0.43388373911755823,-0.900968867902419,0.38461538461538464
2025-09-05,35,59,36.88135593220339,0.6610169491525424,9,4,36,-1.0,-1.8369701987210297e-16,-0.433883739117558,-0.9009688679024191,0.5932203389830508
2025-09-06,34,55,38.32727272727273,0.4727272727272727,9,5,36,-1.0,-1.8369701987210297e-16,-0.9749279121818236,-0.2225209339563146,0.6181818181818182
2025-09-07,28,53,41.301886792452834,0.5471698113207547,9,6,36,-1.0,-1.8369701987210297e-16,-0.7818314824680299,0.6234898018587334,0.5283018867924528
2025-09-08,21,52,36.03846153846154,0.5576923076923077,9,0,37,-1.0,-1.8369701987210297e-16,0.0,1.0,0.40384615384615385
2025-09-09,22,47,37.8936170212766,0.5106382978723404,9,1,37,-1.0,-1.8369701987210297e-16,0.7818314824680298,0.6234898018587336,0.46808510638297873
2025-09-10,27,49,37.183673469387756,0.5510204081632653,9,2,37,-1.0,-1.8369701987210297e-16,0.9749279121818236,-0.22252093395631434,0.5510204081632653
2025-09-11,29,61,33.540983606557376,0.4918032786885246,9,3,37,-1.0,-1.8369701987210297e-16,0.43388373911755823,-0.900968867902419,0.47540983606557374
2025-09-12,26,53,38.20754716981132,0.4716981132075472,9,4,37,-1.0,-1.8369701987210297e-16,-0.433883739117558,-0.9009688679024191,0.49056603773584906
2025-09-13,36,63,37.904761904761905,0.3968253968253968,9,5,37,-1.0,-1.8369701987210297e-16,-0.9749279121818236,-0.2225209339563146,0.5714285714285714
2025-09-14,37,71,38.25352112676056,0.5352112676056338,9,6,37,-1.0,-1.8369701987210297e-16,-0.7818314824680299,0.6234898018587334,0.5211267605633803
2025-09-15,28,61,37.885245901639344,0.4918032786885246,9,0,38,-1.0,-1.8369701987210297e-16,0.0,1.0,0.45901639344262296
2025-09-16,27,48,36.0625,0.4166666666666667,9,1,38,-1.0,-1.8369701987210297e-16,0.7818314824680298,0.6234898018587336,0.5625
2025-09-17,21,45,37.044444444444444,0.4444444444444444,9,2,38,-1.0,-1.8369701987210297e-16,0.9749279121818236,-0.22252093395631434,0.4666666666666667
2025-09-18,24,50,37.2,0.54,9,3,38,-1.0,-1.8369701987210297e-16,0.43388373911755823,-0.900968867902419,0.48
2025-09-19,19,39,39.794871794871796,0.5384615384615384,9,4,38,-1.0,-1.8369701987210297e-16,-0.433883739117558,-0.9009688679024191,0.48717948717948717
2025-09-20,24,71,38.732394366197184,0.5211267605633803,9,5,38,-1.0,-1.8369701987210297e-16,-0.9749279121818236,-0.2225209339563146,0.3380281690140845
2025-09-21,28,57,39.68421052631579,0.49122807017543857,9,6,38,-1.0,-1.8369701987210297e-16,-0.7818314824680299,0.6234898018587334,0.49122807017543857
2025-09-22,23,50,36.3,0.46,9,0,39,-1.0,-1.8369701987210297e-16,0.0,1.0,0.46
2025-09-23,33,52,42.59615384615385,0.5192307692307693,9,1,39,-1.0,-1.8369701987210297e-16,0.7818314824680298,0.6234898018587336,0.6346153846153846
2025-09-24,28,48,38.875,0.5,9,2,39,-1.0,-1.8369701987210297e-16,0.9749279121818236,-0.22252093395631434,0.5833333333333334
2025-09-25,28,57,40.89473684210526,0.5789473684210527,9,3,39,-1.0,-1.8369701987210297e-16,0.43388373911755823,-0.900968867902419,0.49122807017543857
2025-09-26,27,44,34.22727272727273,0.5227272727272727,9,4,39,-1.0,-1.8369701987210297e-16,-0.433883739117558,-0.9009688679024191,0.6136363636363636
2025-09-27,24,56,38.285714285714285,0.5892857142857143,9,5,39,-1.0,-1.8369701987210297e-16,-0.9749279121818236,-0.2225209339563146,0.42857142857142855
2025-09-28,29,49,38.30612244897959,0.5306122448979592,9,6,39,-1.0,-1.8369701987210297e-16,-0.7818314824680299,0.6234898018587334,0.5918367346938775
2025-09-29,24,43,40.325581395348834,0.5813953488372093,9,0,40,-1.0,-1.8369701987210297e-16,0.0,1.0,0.5581395348837209
2025-09-30,21,50,38.66,0.56,9,1,40,-1.0,-1.8369701987210297e-16,0.7818314824680298,0.6234898018587336,0.42
2025-10-01,33,56,34.285714285714285,0.5178571428571429,10,2,40,-0.8660254037844386,0.5000000000000001,0.9749279121818236,-0.22252093395631434,0.5892857142857143
2025-10-02,26,66,42.56060606060606,0.4696969696969697,10,3,40,-0.8660254037844386,0.5000000000000001,0.43388373911755823,-0.900968867902419,0.3939393939393939
2025-10-03,16,48,39.666666666666664,0.6041666666666666,10,4,40,-0.8660254037844386,0.5000000000000001,-0.433883739117558,-0.9009688679024191,0.3333333333333333
2025-10-04,32,62,39.193548387096776,0.45161290322580644,10,5,40,-0.8660254037844386,0.5000000000000001,-0.9749279121818236,-0.2225209339563146,0.5161290322580645
2025-10-05,26,62,39.45161290322581,0.5,10,6,40,-0.8660254037844386,0.5000000000000001,-0.7818314824680299,0.6234898018587334,0.41935483870967744
2025-10-06,30,68,36.48529411764706,0.5147058823529411,10,0,41,-0.8660254037844386,0.5000000000000001,0.0,1.0,0.4411764705882353
2025-10-07,28,51,43.254901960784316,0.5686274509803921,10,1,41,-0.8660254037844386,0.5000000000000001,0.7818314824680298,0.6234898018587336,0.5490196078431373
2025-10-08,25,50,36.46,0.56,10,2,41,-0.8660254037844386,0.5000000000000001,0.9749279121818236,-0.22252093395631434,0.5
2025-10-09,37,62,36.0,0.45161290322580644,10,3,41,-0.8660254037844386,0.5000000000000001,0.43388373911755823,-0.900968867902419,0.5967741935483871
2025-10-10,17,48,32.166666666666664,0.4583333333333333,10,4,41,-0.8660254037844386,0.5000000000000001,-0.433883739117558,-0.9009688679024191,0.3541666666666667
2025-10-11,28,49,39.53061224489796,0.6122448979591837,10,5,41,-0.8660254037844386,0.5000000000000001,-0.9749279121818236,-0.2225209339563146,0.5714285714285714
2025-10-12,37,59,43.76271186440678,0.6271186440677966,10,6,41,-0.8660254037844386,0.5000000000000001,-0.7818314824680299,0.6234898018587334,0.6271186440677966
2025-10-13,17,40,40.65,0.525,10,0,42,-0.8660254037844386,0.5000000000000001,0.0,1.0,0.425
2025-10-14,22,48,36.729166666666664,0.3958333333333333,10,1,42,-0.8660254037844386,0.5000000000000001,0.7818314824680298,0.6234898018587336,0.4583333333333333
2025-10-15,27,56,39.32142857142857,0.44642857142857145,10,2,42,-0.8660254037844386,0.5000000000000001,0.9749279121818236,-0.22252093395631434,0.48214285714285715
2025-10-16,36,62,37.145161290322584,0.5806451612903226,10,3,42,-0.8660254037844386,0.5000000000000001,0.43388373911755823,-0.900968867902419,0.5806451612903226
2025-10-17,22,51,38.78431372549019,0.5294117647058824,10,4,42,-0.8660254037844386,0.5000000000000001,-0.433883739117558,-0.9009688679024191,0.43137254901960786
2025-10-18,26,63,38.42857142857143,0.5238095238095238,10,5,42,-0.8660254037844386,0.5000000000000001,-0.9749279121818236,-0.2225209339563146,0.4126984126984127
2025-10-19,30,56,32.107142857142854,0.5892857142857143,10,6,42,-0.8660254037844386,0.5000000000000001,-0.7818314824680299,0.6234898018587334,0.5357142857142857
2025-10-20,34,67,36.26865671641791,0.417910447761194,10,0,43,-0.8660254037844386,0.5000000000000001,0.0,1.0,0.5074626865671642
2025-10-21,33,62,37.193548387096776,0.5483870967741935,10,1,43,-0.8660254037844386,0.5000000000000001,0.7818314824680298,0.6234898018587336,0.532258064516129
2025-10-22,33,58,35.86206896551724,0.5344827586206896,10,2,43,-0.8660254037844386,0.5000000000000001,0.9749279121818236,-0.22252093395631434,0.5689655172413793
2025-10-23,31,58,41.39655172413793,0.5172413793103449,10,3,43,-0.8660254037844386,0.5000000000000001,0.43388373911755823,-0.900968867902419,0.5344827586206896
2025-10-24,26,56,34.75,0.6785714285714286,10,4,43,-0.8660254037844386,0.5000000000000001,-0.433883739117558,-0.9009688679024191,0.4642857142857143
2025-10-25,21,46,38.58695652173913,0.6521739130434783,10,5,43,-0.8660254037844386,0.5000000000000001,-0.9749279121818236,-0.2225209339563146,0.45652173913043476
2025-10-26,24,55,41.14545454545455,0.43636363636363634,10,6,43,-0.8660254037844386,0.5000000000000001,-0.7818314824680299,0.6234898018587334,0.43636363636363634
2025-10-27,18,51,37.588235294117645,0.4117647058823529,10,0,44,-0.8660254037844386,0.5000000000000001,0.0,1.0,0.35294117647058826
2025-10-28,40,69,33.56521739130435,0.5797101449275363,10,1,44,-0.8660254037844386,0.5000000000000001,0.7818314824680298,0.6234898018587336,0.5797101449275363
2025-10-29,35,57,40.21052631578947,0.47368421052631576,10,2,44,-0.8660254037844386,0.5000000000000001,0.9749279121818236,-0.22252093395631434,0.6140350877192983
2025-10-30,29,63,37.41269841269841,0.5396825396825397,10,3,44,-0.8660254037844386,0.5000000000000001,0.43388373911755823,-0.900968867902419,0.4603174603174603
2025-10-31,24,43,36.53488372093023,0.5116279069767442,10,4,44,-0.8660254037844386,0.5000000000000001,-0.433883739117558,-0.9009688679024191,0.5581395348837209
2025-11-01,25,45,35.8,0.4888888888888889,11,5,44,-0.5000000000000004,0.8660254037844384,-0.9749279121818236,-0.2225209339563146,0.5555555555555556
2025-11-02,24,58,40.08620689655172,0.3620689655172414,11,6,44,-0.5000000000000004,0.8660254037844384,-0.7818314824680299,0.6234898018587334,0.41379310344827586
2025-11-03,18,56,39.232142857142854,0.6428571428571429,11,0,45,-0.5000000000000004,0.8660254037844384,0.0,1.0,0.32142857142857145
2025-11-04,26,47,38.38297872340426,0.40425531914893614,11,1,45,-0.5000000000000004,0.8660254037844384,0.7818314824680298,0.6234898018587336,0.5531914893617021
2025-11-05,25,40,40.775,0.475,11,2,45,-0.5000000000000004,0.8660254037844384,0.9749279121818236,-0.22252093395631434,0.625
2025-11-06,24,54,36.68518518518518,0.5,11,3,45,-0.5000000000000004,0.8660254037844384,0.43388373911755823,-0.900968867902419,0.4444444444444444
2025-11-07,24,44,39.72727272727273,0.5681818181818182,11,4,45,-0.5000000000000004,0.8660254037844384,-0.433883739117558,-0.9009688679024191,0.5454545454545454
2025-11-08,27,57,40.78947368421053,0.47368421052631576,11,5,45,-0.5000000000000004,0.8660254037844384,-0.9749279121818236,-0.2225209339563146,0.47368421052631576
2025-11-09,20,42,33.26190476190476,0.5476190476190477,11,6,45,-0.5000000000000004,0.8660254037844384,-0.7818314824680299,0.6234898018587334,0.47619047619047616
2025-11-10,26,52,35.48076923076923,0.5192307692307693,11,0,46,-0.5000000000000004,0.8660254037844384,0.0,1.0,0.5
2025-11-11,25,50,38.38,0.64,11,1,46,-0.5000000000000004,0.8660254037844384,0.7818314824680298,0.6234898018587336,0.5
2025-11-12,28,51,37.470588235294116,0.4117647058823529,11,2,46,-0.5000000000000004,0.8660254037844384,0.9749279121818236,-0.22252093395631434,0.5490196078431373
2025-11-13,23,57,42.36842105263158,0.40350877192982454,11,3,46,-0.5000000000000004,0.8660254037844384,0.43388373911755823,-0.900968867902419,0.40350877192982454
2025-11-14,26,56,38.285714285714285,0.5,11,4,46,-0.5000000000000004,0.8660254037844384,-0.433883739117558,-0.9009688679024191,0.4642857142857143
2025-11-15,27,58,42.10344827586207,0.7068965517241379,11,5,46,-0.5000000000000004,0.8660254037844384,-0.9749279121818236,-0.2225209339563146,0.46551724137931033
2025-11-16,35,64,35.875,0.53125,11,6,46,-0.5000000000000004,0.8660254037844384,-0.7818314824680299,0.6234898018587334,0.546875
2025-11-17,26,55,38.32727272727273,0.4909090909090909,11,0,47,-0.5000000000000004,0.8660254037844384,0.0,1.0,0.4727272727272727
2025-11-18,34,61,41.19672131147541,0.5737704918032787,11,1,47,-0.5000000000000004,0.8660254037844384,0.7818314824680298,0.6234898018587336,0.5573770491803278
2025-11-19,30,60,37.55,0.4666666666666667,11,2,47,-0.5000000000000004,0.8660254037844384,0.9749279121818236,-0.22252093395631434,0.5
2025-11-20,21,42,40.0,0.6428571428571429,11,3,47,-0.5000000000000004,0.8660254037844384,0.43388373911755823,-0.900968867902419,0.5
2025-11-21,26,55,38.67272727272727,0.4909090909090909,11,4,47,-0.5000000000000004,0.8660254037844384,-0.433883739117558,-0.9009688679024191,0.4727272727272727
2025-11-22,30,53,40.056603773584904,0.5283018867924528,11,5,47,-0.5000000000000004,0.8660254037844384,-0.9749279121818236,-0.2225209339563146,0.5660377358490566
2025-11-23,33,61,38.704918032786885,0.47540983606557374,11,6,47,-0.5000000000000004,0.8660254037844384,-0.7818314824680299,0.6234898018587334,0.5409836065573771
2025-11-24,24,54,36.18518518518518,0.5,11,0,48,-0.5000000000000004,0.8660254037844384,0.0,1.0,0.4444444444444444
2025-11-25,21,49,37.02040816326531,0.4897959183673469,11,1,48,-0.5000000000000004,0.8660254037844384,0.7818314824680298,0.6234898018587336,0.42857142857142855
2025-11-26,26,53,39.943396226415096,0.4716981132075472,11,2,48,-0.5000000000000004,0.8660254037844384,0.9749279121818236,-0.22252093395631434,0.49056603773584906
2025-11-27,32,71,33.859154929577464,0.4647887323943662,11,3,48,-0.5000000000000004,0.8660254037844384,0.43388373911755823,-0.900968867902419,0.4507042253521127
2025-11-28,27,52,38.38461538461539,0.5,11,4,48,-0.5000000000000004,0.8660254037844384,-0.433883739117558,-0.9009688679024191,0.5192307692307693
2025-11-29,30,54,37.77777777777778,0.5185185185185185,11,5,48,-0.5000000000000004,0.8660254037844384,-0.9749279121818236,-0.2225209339563146,0.5555555555555556
2025-11-30,21,49,41.12244897959184,0.3673469387755102,11,6,48,-0.5000000000000004,0.8660254037844384,-0.7818314824680299,0.6234898018587334,0.42857142857142855
2025-12-01,33,53,35.905660377358494,0.5471698113207547,12,0,49,-2.4492935982947064e-16,1.0,0.0,1.0,0.6226415094339622
2025-12-02,29,64,43.515625,0.578125,12,1,49,-2.4492935982947064e-16,1.0,0.7818314824680298,0.6234898018587336,0.453125
2025-12-03,23,47,32.53191489361702,0.46808510638297873,12,2,49,-2.4492935982947064e-16,1.0,0.9749279121818236,-0.22252093395631434,0.48936170212765956
2025-12-04,17,52,38.86538461538461,0.5576923076923077,12,3,49,-2.4492935982947064e-16,1.0,0.43388373911755823,-0.900968867902419,0.3269230769230769
2025-12-05,35,57,32.96491228070175,0.543859649122807,12,4,49,-2.4492935982947064e-16,1.0,-0.433883739117558,-0.9009688679024191,0.6140350877192983
2025-12-06,35,64,36.46875,0.5,12,5,49,-2.4492935982947064e-16,1.0,-0.9749279121818236,-0.2225209339563146,0.546875
2025-12-07,29,53,36.132075471698116,0.41509433962264153,12,6,49,-2.4492935982947064e-16,1.0,-0.7818314824680299,0.6234898018587334,0.5471698113207547
2025-12-08,31,64,38.46875,0.453125,12,0,50,-2.4492935982947064e-16,1.0,0.0,1.0,0.484375
2025-12-09,15,33,35.36363636363637,0.45454545454545453,12,1,50,-2.4492935982947064e-16,1.0,0.7818314824680298,0.6234898018587336,0.45454545454545453
2025-12-10,26,53,35.15094339622642,0.5094339622641509,12,2,50,-2.4492935982947064e-16,1.0,0.9749279121818236,-0.22252093395631434,0.49056603773584906
2025-12-11,22,58,41.224137931034484,0.46551724137931033,12,3,50,-2.4492935982947064e-16,1.0,0.43388373911755823,-0.900968867902419,0.3793103448275862
2025-12-12,32,58,37.3448275862069,0.5,12,4,50,-2.4492935982947064e-16,1.0,-0.433883739117558,-0.9009688679024191,0.5517241379310345
2025-12-13,34,52,35.30769230769231,0.5,12,5,50,-2.4492935982947064e-16,1.0,-0.9749279121818236,-0.2225209339563146,0.6538461538461539
2025-12-14,27,54,34.129629629629626,0.5370370370370371,12,6,50,-2.4492935982947064e-16,1.0,-0.7818314824680299,0.6234898018587334,0.5
2025-12-15,30,59,43.03389830508475,0.4745762711864407,12,0,51,-2.4492935982947064e-16,1.0,0.0,1.0,0.5084745762711864
2025-12-16,24,57,34.98245614035088,0.5263157894736842,12,1,51,-2.4492935982947064e-16,1.0,0.7818314824680298,0.6234898018587336,0.42105263157894735
2025-12-17,34,68,41.294117647058826,0.4852941176470588,12,2,51,-2.4492935982947064e-16,1.0,0.9749279121818236,-0.22252093395631434,0.5
2025-12-18,25,57,40.85964912280702,0.45614035087719296,12,3,51,-2.4492935982947064e-16,1.0,0.43388373911755823,-0.900968867902419,0.43859649122807015
2025-12-19,29,49,38.183673469387756,0.5714285714285714,12,4,51,-2.4492935982947064e-16,1.0,-0.433883739117558,-0.9009688679024191,0.5918367346938775
2025-12-20,19,43,36.348837209302324,0.6046511627906976,12,5,51,-2.4492935982947064e-16,1.0,-0.9749279121818236,-0.2225209339563146,0.4418604651162791
2025-12-21,26,50,39.68,0.46,12,6,51,-2.4492935982947064e-16,1.0,-0.7818314824680299,0.6234898018587334,0.52
2025-12-22,16,44,32.06818181818182,0.45454545454545453,12,0,52,-2.4492935982947064e-16,1.0,0.0,1.0,0.36363636363636365
2025-12-23,21,42,40.666666666666664,0.5952380952380952,12,1,52,-2.4492935982947064e-16,1.0,0.7818314824680298,0.6234898018587336,0.5
2025-12-24,27,54,40.148148148148145,0.6666666666666666,12,2,52,-2.4492935982947064e-16,1.0,0.9749279121818236,-0.22252093395631434,0.5
2025-12-25,32,62,38.88709677419355,0.5645161290322581,12,3,52,-2.4492935982947064e-16,1.0,0.43388373911755823,-0.900968867902419,0.5161290322580645
2025-12-26,27,54,38.111111111111114,0.48148148148148145,12,4,52,-2.4492935982947064e-16,1.0,-0.433883739117558,-0.9009688679024191,0.5
2025-12-27,27,46,26.956521739130434,0.5217391304347826,12,5,52,-2.4492935982947064e-16,1.0,-0.9749279121818236,-0.2225209339563146,0.5869565217391305
2025-12-28,14,23,36.56521739130435,0.6086956521739131,12,6,52,-2.4492935982947064e-16,1.0,-0.7818314824680299,0.6234898018587334,0.6086956521739131
2025-12-29,10,21,26.80952380952381,0.5714285714285714,12,0,1,-2.4492935982947064e-16,1.0,0.0,1.0,0.47619047619047616
2025-12-30,3,8,33.375,0.625,12,1,1,-2.4492935982947064e-16,1.0,0.7818314824680298,0.6234898018587336,0.375
